3d_model_name,hand_position,hand_orientation,finger_dofs,contacts_number,contacts_position,contacts_orientation,grasps_epsilon_quality,grasps_volume_quality,grasps_energy_quality,mass,inertia_matrix,max_ball_radius
m1001_125,"[[0.04849360814654432, -0.016210392016621004, 0.18106264908382558]]","[[0.2626638976797813, -0.16741141068468696, -0.7478183180594561, 0.5863009974432543]]","[[0.0, 1.2811945164227945, 1.2811945164227945, 1.2811945164227945]]",[28],"[[[0.0015391528390486958, -0.04036335590303194, 0.26759904519138455], [0.007536626280042336, -0.05273848072740405, 0.25736148137657544], [0.0015162223571623546, -0.039645998243915466, 0.2640978587907083], [0.0016240146324119093, -0.04258941675360722, 0.25969767901984114], [0.059281383303210776, -0.010368310933226679, 0.26087055047525765], [0.008466014516274677, 0.0015762171077900692, 0.2703420584058764], [0.006593701283106251, -0.006151034284381948, 0.27174772249717183], [0.0059434367000880005, -0.009622917051001347, 0.2705083193050418], [0.02243472911405996, -0.002201368836285881, 0.28301322119659644], [0.010085143895798862, 0.008958406942676762, 0.27122078468657584], [0.007944339780809731, 0.0012816535734358992, 0.27341067906570476], [0.00891084394927425, 0.006760354290361899, 0.27394224840864817], [0.01732459974854827, 0.0022125626878189628, 0.2685563014221172], [0.014596515033293102, 0.006921022746945556, 0.2695391732463855], [0.017442633983305315, 0.0052590896674796035, 0.26917976585899855], [0.02567464667175635, 0.001821256731294131, 0.2684207599895957], [0.02261590860024245, 0.00525345209880622, 0.28443432840203925], [0.023491838367851122, 0.007497764728879936, 0.2726391068031636], [0.018802552836556068, 0.006485261168116963, 0.28177333158600454], [-0.034931813365826334, -0.010005076027588699, 0.2053033776360852], [-0.035256086933616655, -0.023695252898027687, 0.24086645500801807], [-0.03423917286205472, -0.01767176979295504, 0.24192169117412976], [-0.02192087259184722, -0.006045986652385286, 0.252149215877418], [-0.02031119978485206, -0.008557446155507608, 0.2528199740846326], [-0.022125050417544857, -0.011312626335703183, 0.2531759663093195], [-0.021347550628864096, -0.018328717943912123, 0.23335108350965714], [-0.01887681409374951, -0.025019917938887037, 0.2478197420262517], [-0.019385645698373262, -0.012780133923278885, 0.2519950351125039]]]","[[[0.7032975508915291, -0.0500812408894073, 0.7030539151974333, -0.09262621954130779], [-0.7622053732191618, -0.6394181328086814, -0.06233485527976089, 0.07938379109458525], [0.7080383401510342, -0.09881133681386284, 0.6978720924161181, -0.04350369202694049], [-0.3157799857166321, 0.3156532489792162, 0.6976610954195781, -0.560281199905568], [-0.6802713867218952, -0.7186315618398635, 0.06333286370955643, 0.12957031723899948], [-0.3470111424721537, 0.4553343663073449, 0.6131546305286476, -0.5443301212691953], [0.14101692523987933, -0.5795776171652884, 0.4944423301969435, -0.632242670646575], [-0.582926666255683, -0.5084110241147386, 0.4946945860325367, -0.3962221584878053], [0.7649993871125086, 0.6359777118563711, 0.09095896200608201, -0.04510825833699728], [-0.6842720242747955, -0.5543260159631562, 0.3310993283305046, 0.33892137672383144], [-0.00946062850880003, 0.6923145014024406, 0.1322533064883897, -0.7093096577511101], [-0.009616588341177679, 0.692099819188716, 0.13453818095207642, -0.7090873284537874], [-0.7622053732191666, -0.6394181328086809, -0.06233485527976724, 0.07938379109454076], [-0.7622053732191801, -0.6394181328086723, -0.062334855279854495, 0.0793837910944113], [-0.0623348552797679, -0.0793837910945347, 0.7622053732191673, -0.6394181328086808], [-0.062334855279775336, -0.07938379109457455, 0.7622053732191633, -0.6394181328086799], [-0.1888311403677227, -0.13020091971468536, 0.7537419446720645, -0.6158438128087754], [0.49486590671536096, 0.3960256775273498, 0.5830601677593403, -0.508244269896117], [-0.6364910741946903, -0.5756268294626545, -0.3310923156940393, 0.3923145984559075], [-0.8066004962999669, -0.005255132453491018, -0.4253905729918208, 0.41037895092369686], [0.19419977371406902, -0.8323676461304186, 0.5189996450965925, -0.009482507807644426], [-0.49123862915966077, 0.6727485135455231, -0.36697173566228486, 0.4140359790750515], [0.05333838391069906, -0.7716387846083288, 0.6144358563558139, 0.15555443199817168], [0.0076365739705694935, -0.9683854007258441, 0.19980383570433666, 0.14916375443408755], [0.1477043599910894, -0.11115887557167844, 0.980103556503459, 0.07227824673118244], [-0.3967844393868414, -0.4356580298263447, 0.47216868150602487, 0.6556072955002559], [-0.11791767194498526, -0.2761219662733287, 0.6392019067045541, 0.7080063593285645], [0.4687914145165991, -0.882931217452497, -0.003410063127296442, -0.025601687304655923]]]",[0.045094260780882245],[0.007594253939997582],[-0.5917618894842549],1270.0,"[[226581.51842614272, -7838.9072069973845, 15224.959013631254], [-7838.9072069973845, 138860.54376935147, 12955.842492580825], [15224.959013631254, 12955.842492580825, 244192.5795184413]]",158.66262480593645
m1003_125,"[[0.0729584208681668, 0.10007213000055981, 0.28705814356235365]]","[[0.7828899024198251, -0.4367807896307611, -0.014369194335470644, 0.44283119667967724]]","[[1.6914189895722738, 1.3587105617354185, 1.3587105617354185, 1.3587105617354185]]",[9],"[[[0.06860659941144995, -0.0011565885886225544, 0.26116716221292713], [0.04210690591059249, 0.033457692684170204, 0.218705088438547], [0.045849332762640554, 0.048156082556863725, 0.20891967174045095], [0.03919377172574308, 0.04654437694908439, 0.21045048560597887], [0.05236106713524826, 0.059200569783650854, 0.2123137292254186], [0.05949338117275887, 0.03583580335702329, 0.21866884594681144], [0.059490318361804496, 0.06233356135007344, 0.20621073164522477], [0.05951549898666691, 0.053859817087247006, 0.20434340303415202], [0.05668848589025693, 0.04146898459092718, 0.22951187084532187]]]","[[[0.08014323585492604, -0.3254439204159183, -0.7693319661627313, 0.5438673020610867], [-0.20631928180332884, -0.8413186814204155, -0.30856155829811605, -0.392944009993549], [-0.5017706370169763, -0.7399533782899256, -0.15213831636417716, 0.4213658250010053], [-0.41636011752132673, -0.8529240673874467, 0.2812351592507279, -0.1416741790521441], [-0.45291637810858076, -0.6906789536743778, -0.14749239547273213, 0.5441280462078638], [-0.4529163781085726, -0.6906789536743922, -0.14749239547270843, 0.5441280462078585], [-0.4529163781085271, -0.690678953674303, -0.14749239547276186, 0.5441280462079954], [-0.33455788566496814, -0.7016031029048938, 0.44971266836269846, -0.4399802530201927], [0.3024643621415207, 0.796454031098231, -0.3148166282115116, 0.4184098189374102]]]",[0.055675568948249154],[0.007654327507979558],[-0.5417470156646562],3609.0,"[[885853.2961860817, -32969.46473417525, -8644.420013471215], [-32969.46473417525, 800017.9643214232, -5109.780209037528], [-8644.420013471215, -5109.780209037528, 892578.8044507438]]",142.01966215776656
m1015_125,"[[0.001562393839487466, -0.07271850195056487, 0.13156229680285372]]","[[-0.004261412767136104, -0.010046829037147886, 0.0063876947341767005, 0.9999200462754557]]","[[0.7630230264893901, 0.9915297227101443, 0.9540297227101442, 0.9634047227101442]]",[4],"[[[0.047246882695291634, -0.03023879445457591, 0.23463145905671748], [-0.057272415882126664, -0.03309805641743594, 0.23308033245456017], [-0.052414642293328914, -0.028331842647883628, 0.23313820673350336], [0.011618385498165577, -0.12074208718413669, 0.2350897297131935]]]","[[[0.6549842619604779, -0.2627193615097383, 0.26900012296055353, -0.6554487680354665], [0.6235325163670511, 0.25819708333652797, -0.2764892896251528, -0.6841747875448653], [0.6281819379486986, 0.2551440560255288, -0.27379222594834784, -0.6821486498704723], [-0.009613631596742805, -0.7070414260052391, 0.7070414260052393, -0.009613631596742812]]]",[0.07224408263977838],[0.0031188733843073423],[-1.0313503623091451],102.0,"[[3632.874571990505, -13.028227541907638, -69.43483079185388], [-13.028227541907638, 1348.8831364025623, 21.942536045433968], [-69.43483079185388, 21.942536045433968, 3702.487683140661]]",138.1872202276474
m1020_125,"[[-0.005340529197242438, 0.08960025190070832, 0.3604127167127081]]","[[0.1825475497182052, -0.881150163976041, 0.4171233571237324, 0.1275103351054449]]","[[0.0, 1.1842529763991578, 1.1842529763991578, 1.1842529763991578]]",[12],"[[[-0.00617758076765906, 0.034694889651179756, 0.276661372330879], [-0.0015948138693112881, 0.055397906762075594, 0.2716334798447117], [-0.011899534491631487, 0.04284919286700201, 0.27754571366197417], [-0.008419206135926036, 0.05816020965352952, 0.2737926318693014], [-0.0031338510858554005, 0.03854804132330626, 0.2748918080128842], [-0.025948868235531733, 0.06711738194664357, 0.2624928241279944], [0.0014291501372663148, 0.031205137288304038, 0.267344985629936], [0.024221083799114536, 0.012799482209655995, 0.36238257710651933], [0.02398197943473724, 0.03139407603457666, 0.3724317572063215], [0.01981453669096568, -0.005125085192322441, 0.335939311453732], [0.0184027088970615, 0.00010368629216531388, 0.3355522563482503], [0.026129910755714903, 0.008994215163264655, 0.35909414033532105]]]","[[[-0.12061680408416187, 0.9734991948462508, -0.05212316343889778, -0.18717392991372064], [-0.12061680408416381, 0.9734991948462497, -0.05212316343890905, -0.18717392991372248], [0.052123166756432734, -0.18717387405397876, -0.12061680895186552, -0.9734992048056206], [0.05212316343886497, -0.18717392991372064, -0.12061680408415595, -0.9734991948462534], [0.052123163438854814, -0.18717392991371767, -0.12061680408415426, -0.9734991948462546], [-0.12218141930861665, 0.820714505924989, 0.0484080526495102, 0.5560180401558168], [0.5461015131053456, 0.4795561970707205, 0.3067716953429118, -0.6145649828712632], [0.10395246770905521, -0.7124473265264744, -0.45565351190149384, -0.5234429944839386], [-0.082324048879117, -0.8256653985944447, -0.18296984873679306, -0.5272773795577247], [-0.3662320323165227, -0.7511901553691351, -0.5287861238309215, -0.14823185968500063], [0.4303253655304766, -0.3554145190072163, -0.4993930490806369, 0.6626516294327477], [0.32586895927907145, -0.476625911809889, -0.5730444975494853, 0.5815988010630909]]]",[0.05708771067764763],[0.020041661835492084],[-0.3164886356969943],2096.0,"[[931119.5315927989, 37828.00924805151, 3632.7114498925225], [37828.00924805151, 1161683.6357920899, 60696.13513436018], [3632.7114498925225, 60696.13513436018, 1115205.7037917667]]",163.02359176379014
m1025_125,"[[0.042657785802086574, 0.011049957948213826, 0.13460132610040762]]","[[0.18071985000823904, -0.05630209919554301, -0.9768601980147463, 0.0995718985144174]]","[[0.0, 1.0713088731731457, 1.0713088731731457, 1.0713088731731457]]",[10],"[[[-0.0212925740965332, -0.027007774503057337, 0.22292052068481222], [0.01102658346279884, -0.03785917235575833, 0.2105313087706923], [0.08158627461329193, -0.030946858230602756, 0.16622419865310686], [0.0706451807010399, -0.02413776850152336, 0.17432389188332711], [0.03374693044266187, -0.0429244207559197, 0.23189274795502612], [0.03336975271058999, -0.037900580614306206, 0.2297442651666572], [0.03200568264999264, -0.026012912121999486, 0.22592237651404234], [0.035562896078073995, -0.03718381353057764, 0.22342472167093247], [0.036217025504127656, -0.011703035487175464, 0.24486403257444733], [0.036904014397828686, -0.02251167904032921, 0.2512595333585591]]]","[[[-0.5372464385833103, -0.053317471848143394, 0.6764959402054262, 0.5008759869576983], [-0.6534422403846757, -0.40803573724869435, 0.6281589519017395, 0.10925386379747984], [0.05485740447201348, -0.9608689688031193, 0.05699027821714853, 0.2654686387401649], [-0.4193020080139709, -0.8273859612309213, 0.29333511510225874, 0.23145800370991962], [-0.8183028598886282, -0.3619301849975704, 0.3915956366478338, 0.21456893541259478], [-0.376873754124185, -0.4578188857585629, 0.8026096964858649, -0.06469711277946678], [-0.44556907779664656, 0.20747744862892584, -0.7893301886083354, 0.3679390691043927], [0.552777704285157, -0.1533130395243743, 0.7183388859242, -0.39360026235535994], [-0.02636291376496721, -0.6402835786095714, 0.7410005976608006, -0.20064907178224875], [0.9152451347372574, 0.16449087434191587, 0.12456716830289548, -0.34605218707444924]]]",[0.04549436719935903],[0.02037858980592718],[-0.6613624560417615],1515.0,"[[143101.13216250806, 7644.813254539129, -14359.873140731248], [7644.813254539129, 180510.23962093476, 5767.256605553411], [-14359.873140731248, 5767.256605553411, 154669.69110458306]]",140.82022328933203
m1033_125,"[[-0.03854599983223155, -0.10687636710920044, 0.15403709484070344]]","[[0.12307028236133354, 0.47222871987732623, 0.8622284297520488, 0.1357051091515703]]","[[0.0, 1.1710026183756281, 1.1710026183756281, 1.1710026183756281]]",[8],"[[[0.005144344839822331, -0.10577948529033938, 0.2235523986842756], [-0.00036165197373158977, -0.09806823830345979, 0.23507094654948957], [0.008387105984315902, -0.10573676106320348, 0.23580563812048394], [0.020206238235727647, -0.05059756820116512, 0.2365125687603466], [0.019847104918711687, -0.07318829811811393, 0.22736637979737406], [0.00396530154576076, -0.08509128219347135, 0.23206477795175265], [0.02383286140020375, -0.0547789002668809, 0.2243956856112547], [0.012272213239709935, -0.04704842483361391, 0.23506530683740356]]]","[[[0.37480847818063984, -0.46555838767749413, 0.8012509718857307, -0.027764588943778618], [0.7901221573443264, 0.3129671385583864, -0.4894319238585264, -0.195486415293403], [0.9851499654492515, -0.1491209969006251, 0.08480290647542064, 0.007137290243737769], [0.9830675484453493, -0.17831365397727839, -0.042028702759021874, -0.00400301677691961], [0.9109150141700209, -0.19576941936674574, -0.3606137198909393, 0.04319625477812871], [0.3004082142615694, -0.02135718163454336, 0.9283074424469201, 0.21804602242293294], [-0.02761720882772003, 0.08269884234942902, -0.9795911036875163, -0.18110621421393613], [-0.9266514193721492, 0.15364030669899703, 0.09978390254833763, -0.32826053056260557]]]",[0.051215712595387416],[0.006185053499172963],[-1.0791318471444724],181.0,"[[1377.9155974613343, 57.67939342277801, -11.777988918720059], [57.67939342277801, 342.6192005726596, -49.936796014538466], [-11.777988918720059, -49.936796014538466, 1332.0002838256203]]",121.9246986017729
m1035_125,"[[-0.010451717071609851, -0.01958352984206279, 0.14733632296730093]]","[[4.56477802410402e-05, 2.790598406970415e-06, -0.08494464432423912, 0.9963856709673826]]","[[0.0, 0.892054703556763, 0.892054703556763, 0.892054703556763]]",[9],"[[[-0.019868224160164063, 0.07330694327974205, 0.21191969984623618], [-0.03264085288026973, 0.06690418635469596, 0.21116452859143947], [-0.0337612369189987, 0.06037971042501998, 0.22744122114024537], [-0.03246036365435103, 0.06795579094035387, 0.20169633069257883], [-0.029101635525964908, 0.05002530974623473, 0.2322964151371144], [-0.027883008929552082, 0.08378290096758917, 0.20324294481953983], [-0.010367895469285703, -0.0753962581601222, 0.17933104625148352], [-0.03119964749975022, -0.07550999704283973, 0.24827065731005418], [-0.027979136597775567, -0.07496896513701964, 0.2507942241173383]]]","[[[-0.9444143291654656, -0.10836300541968423, 0.1871716676342255, 0.24760008230689284], [0.3379529602847492, -0.6211235422051667, 0.43821090776967997, -0.5549455308991635], [0.43821090776976485, 0.5549455308992135, -0.3379529602846738, -0.6211235422051031], [0.43821090776969307, 0.5549455308991358, -0.3379529602847313, -0.621123542205192], [0.44594700137149024, -0.24743491596888245, 0.23413078950701016, -0.8277016417357601], [0.4335305283804555, 0.19806657526835986, -0.12986999353265402, -0.8694565529705638], [-0.11751242932869717, -0.8828398562422236, 0.4405485684891342, 0.11270126878457253], [-0.19389090869236886, -0.5536750509527287, 0.7942640227871911, 0.1580978038584006], [-0.05212357945901901, -0.6114622668017167, 0.7867008984808332, 0.0670725358961139]]]",[0.08332943051903872],[0.03525633909218322],[-0.6158781139826346],2427.0,"[[125040.91521228406, 11885.329994403899, 1324.9156630892387], [11885.329994403899, 140794.62327820042, 7602.813175273349], [1324.9156630892387, 7602.813175273349, 134891.09259057732]]",121.76483033907411
m1041_125,"[[0.035509220079567236, 0.004238932410725673, 0.24279685317584154]]","[[0.03438632371816106, -0.05303176797455267, -0.9678902429320653, 0.2432975338213495]]","[[1.4280565277880997, 0.9017404319894318, 1.164865431989432, 0.8904904319894318]]",[5],"[[[0.039882830903828624, -0.007485792590238595, 0.2442196630748533], [-0.042632565089575254, -0.043073503138461096, 0.3259782514144606], [-0.043398270732701034, -0.03764420787383334, 0.33168616158532277], [0.07574098274561365, 0.025277182063028335, 0.34452708310997415], [-0.003146605249462942, 0.06394102530947907, 0.3342684509342158]]]","[[[-0.5123644182105259, -0.8564390902325999, 0.013184320071994686, -0.06181392543420434], [-0.2963537952824741, -0.4712088923053728, 0.756165672223208, 0.344020470299721], [-0.29635379528288086, -0.47120889230573604, 0.7561656722228465, 0.3440204702996676], [0.4222371220182237, -0.236202918858112, 0.5248444917217718, -0.7003301031813433], [-0.5782776253810921, -0.16292152653685896, 0.18393663423390352, 0.7779581471783737]]]",[0.04382361356605708],[0.002220734264963513],[-0.6709701485602134],5739.0,"[[6038186.603378184, -14272.171414068185, -30822.378957692104], [-14272.171414068185, 7137918.599578635, -8475.270365005703], [-30822.378957692104, -8475.270365005703, 6094195.876296953]]",252.31108113406285
m1042_125,"[[-0.0025348577451923607, 0.005956037306740116, 0.15614024691939876], [0.04129125432458879, -0.11297159476713114, 0.31667197897965355]]","[[0.115061577778537, -0.048221839596289166, -0.020626375318209086, 0.9919728021202476], [-0.015394506200423836, -0.9291523508977785, -0.24634892374861767, 0.2752292240440222]]","[[0.05084735613075564, 0.927856287702726, 0.927856287702726, 0.927856287702726], [0.05084735613075564, 0.927856287702726, 0.927856287702726, 0.927856287702726]]","[24, 34]","[[[0.014804053251585377, 0.05623117093555451, 0.24256516252851965], [0.01428009478042623, 0.03535316598666845, 0.2680421059274159], [0.008862537082780576, 0.054235838095819895, 0.24526441489840917], [0.009562017725491036, 0.059731122294999155, 0.24353856305963217], [0.009182521528952041, 0.06213390956122096, 0.25137601500698403], [0.007863194143197156, 0.057129744285519306, 0.26150232804147244], [0.008910043665430412, 0.05837360712099666, 0.24997234578444233], [0.010337498698184526, 0.046767286495922905, 0.25430350942481555], [0.011852159988220994, 0.061707269953191535, 0.26155500479723753], [0.013218029669999576, 0.04544868120275196, 0.25578181667098004], [0.00565122465509582, 0.03819515224918209, 0.2649645393344463], [0.006018236701765751, 0.03518851982209151, 0.26861360586096156], [0.013159329222791819, 0.04307290149228966, 0.279634435959089], [0.030103632544098993, 0.05011931564068418, 0.26445354418878636], [0.03017250181277084, 0.05417250097608359, 0.26878523873476123], [0.029485148149899276, 0.04940057853460429, 0.2712862125314397], [-0.04676185985386702, 0.045882678382896454, 0.25256412420982627], [-0.04976530294279826, 0.043036943234065095, 0.2595173672264041], [-0.02658282348896159, 0.043999162673479274, 0.2589528980384758], [-0.04421515324869326, 0.04101442057424232, 0.25886961222163296], [-0.026731430787517333, 0.04124690072080155, 0.26032743760592275], [-0.03385790123136473, 0.05463074642716768, 0.26694463128538376], [-0.0010794704703762364, -0.07543758882350839, 0.22024554894669818], [-0.00898048867377004, -0.07495743761382924, 0.2198251551885448]], [[0.007036970426179543, -0.0346643491294858, 0.32263077860143247], [0.007273633391416307, -0.027668314364690604, 0.32063505610486986], [0.014278416656712466, -0.024214817136172545, 0.3283366783162968], [0.010085467247734644, -0.023586632954868313, 0.3273612507487296], [0.015899052734899288, -0.01827856180096159, 0.3339679774603827], [-0.027768427941260457, -0.018996152455362774, 0.27940263266917065], [-0.032232252186454265, -0.0178828797009308, 0.2816415993295762], [-0.022838445021569766, -0.006538663773644484, 0.27895870094357333], [-0.01667746185328726, -0.005652591416612481, 0.27658708024149037], [-0.0036452932232294336, -0.007312753321179539, 0.29857246918972646], [-0.0069192439838219105, -0.004763726747362725, 0.3015217553861483], [-0.005231622219666701, -0.004636096590106335, 0.3057559286515966], [-0.004013105315318594, -0.004217617011448569, 0.29888386071425965], [0.05820079978829025, -0.01740808902119181, 0.2989506410054397], [0.053557046060288445, -0.02086560953772813, 0.2926861852929071], [0.05563687829153864, -0.017323678320592208, 0.294987664216421], [0.042068012123979204, -0.02499445861569723, 0.2991340594544948], [0.05708846358847994, -0.014089345782095232, 0.3118126214644938], [0.04696066336644459, -0.023590627857780114, 0.29453591126794765], [0.027465890510455872, -0.0007415640632578633, 0.24781660790282853], [0.015175272479585587, -0.011329074673478509, 0.25296825479554585], [0.03053021422840215, -0.002435237154237752, 0.2455826050551257], [0.06328232848803915, -0.007437003653126584, 0.3024302275698454], [0.05613944158364683, -0.016756973170844566, 0.29535093139305374], [0.042302845769515915, -0.017783710175782362, 0.3042809049315961], [0.0486308580578348, 0.0003622497982666282, 0.27367491020108814], [0.049431377379745754, -0.00916383923342953, 0.2738200029241424], [0.0416275074838045, 0.0007872566505561736, 0.27598218999593155], [0.026281465650182214, -0.0004082848474960752, 0.2814542562237477], [0.04039943095157211, 0.0007562344305954137, 0.28146510258990987], [0.03459554139465567, 0.0002627217487573752, 0.2803073714436649], [0.038789019488546204, 0.0007009069446645952, 0.28751202971343004], [0.005690424597995104, -0.14696027733809813, 0.2659590413030213], [0.008980116512053214, -0.14693107756736926, 0.2546728065699723]]]","[[[-0.06288204478452337, -0.9016726288355683, 0.42759219224200445, -0.014044072990026978], [-0.06288204478452293, -0.9016726288355585, 0.4275921922420255, -0.01404407299002701], [-0.4321848375453355, -0.14096447441169596, -0.002013182692314597, 0.8906970473989423], [0.25786162701600535, -0.6276594249416617, 0.34678940072814624, -0.6475246243481203], [0.25786162701597726, -0.6276594249416804, 0.34678940072817027, -0.6475246243481005], [-0.42016516164626716, -0.445632036312995, 0.14069802096292466, 0.7778672072066133], [0.4214994528570252, -0.39309450148869074, 0.21089319075368917, -0.7895181987986815], [-0.46012304677386984, -0.3554284350655763, 0.08459749422268574, 0.8091975490234811], [0.27129787579090653, -0.41876666668465645, 0.3056350568675145, -0.8109372068654606], [0.12562936515392245, -0.6435131237553126, 0.47744203687084286, -0.5849420685797211], [0.19040873512336076, -0.7350501682825719, 0.3879507981779884, -0.5224365434093852], [0.4275921922420358, 0.014044072990022055, 0.06288204478452503, -0.9016726288355535], [-0.09516989761840713, 0.033539681810157464, 0.06277270913679676, -0.992913574949503], [-0.49526893466462096, -0.34758068913026824, 0.06525524526843059, 0.7934973849136846], [0.22319220856312608, -0.6998068597367278, 0.3664715313082213, -0.5710991278602529], [-0.34678940072819686, -0.6475246243481054, 0.25786162701594917, 0.6276594249416722], [0.3800311132299152, -0.177521693194987, 0.13672664834563925, -0.8974231025857226], [-0.3206240218699118, -0.6696675264458289, 0.2877526778863497, 0.6049330847235272], [0.32062402186988825, 0.6696675264458294, -0.2877526778863755, -0.6049330847235268], [0.430226622179555, 0.04577314830356949, 0.02324554784405128, -0.9012599608147362], [-0.42513952901832475, -0.23872108219265542, 0.06989792013991947, 0.8702774882432373], [0.3893592781277597, 0.046769948298390325, 0.021168574263658837, -0.9196541827967943], [-0.7805792402399705, -0.022289386666376088, -0.03409221853163675, 0.6237282690274817], [0.013159753846050094, 0.6348471375354506, -0.7715542798322849, 0.03872887958927068]], [[-0.9402389351255854, -0.13253814160317748, 0.23408691405476592, -0.20877668107956399], [0.41634458780241634, -0.32151551795285016, 0.8143671129073438, 0.24513498595285055], [0.8246108828242305, 0.26035628674137434, 0.49795483317920064, 0.06536421035674667], [-0.4620019193058482, 0.4591588405825444, 0.7563136063115934, -0.060968143981577794], [0.7727081923330643, 0.0779389956661301, 0.45944357757771936, 0.43099786713916494], [-0.9566412379584947, -0.14562190132005415, 0.24129596377771667, -0.07353952377976071], [-0.2729881029459842, 0.9235654742115361, 0.10385793795732325, -0.24843075336525033], [-0.9418374298059529, -0.13070982022921956, 0.23511270745514906, -0.20144282937168898], [-0.6117741396998543, 0.0555840333089673, 0.4044326482344315, -0.6775522491127127], [0.5965250748599608, 0.626040205722629, 0.4045583327591306, 0.2975971291481814], [-0.08117489203704582, 0.6220360771591623, 0.6748730381041625, -0.3886233884563205], [-0.3096667770251167, 0.47985584173243356, 0.6327353014045345, -0.5229635711200613], [-0.5870734617485952, 0.008001474657139927, 0.38392352374699756, -0.712659424148394], [-0.5176687487746499, 0.6075013609624069, 0.593139188399134, 0.10557966734238425], [-0.9039840674737752, -0.31521324890986446, -0.2526178107426141, 0.14013441818791525], [-0.9101870592393503, -0.30062053681339124, -0.2707980284378885, 0.08862977960823738], [0.8432935750746927, 0.24384668335134516, 0.46868624327217184, 0.09863035346033731], [-0.8254928123022787, -0.02210858096263177, 0.508544045709031, -0.24383556151428082], [0.1698465401126452, 0.6980702909604347, 0.6572584355676275, -0.22773091701693163], [0.03119242667193081, 0.9347377736783218, 0.2134386954270502, -0.2823760794961389], [0.5143790202242492, 0.34841804427229034, 0.07752133782882471, 0.7797496599292899], [-0.17627768845449682, 0.9362803878267725, 0.11255057789901782, -0.282201309952107], [0.11328695991488921, 0.8298401901510571, 0.48026663537710845, -0.26052885150564675], [0.010177541397319117, 0.776430687806908, 0.5442930124484348, -0.31748530876657216], [0.35342049772282047, 0.3220188829169764, 0.8393735488809184, 0.25855335285644465], [-0.6208561522845688, -0.6205988212316043, -0.36286814844195076, -0.3126042995588097], [0.6208561522845514, 0.6205988212315814, 0.3628681484419855, 0.3126042995588493], [0.17248052296027377, 0.6903881267095486, 0.6653232423002154, -0.22574252358153407], [0.6802196620540776, 0.2805635009023919, -0.1076400923508972, 0.6685797961613262], [-0.4081497507062752, -0.6533733901036782, -0.6356243138537824, -0.04998725578325364], [-0.6653232423002275, -0.22574252358152724, 0.17248052296028213, -0.6903881267095372], [-0.6845010708618605, -0.6047431802156151, -0.24615869684662525, -0.3242682006278776], [-0.6508266554288956, -0.2363696602180182, 0.1418361742202888, -0.7074153998848258], [-0.6508266554288816, -0.2363696602180157, 0.14183617422028966, -0.7074153998848396]]]","[0.07549937084974001, 0.05070026895879959]","[0.024670076799552347, 0.005277623077495467]","[-0.33422307216134084, -0.2916305488684334]",165.0,"[[102788.4557705465, -1050.8847595677316, 793.395873529349], [-1050.8847595677316, 88863.4070565899, -1556.5053982487314], [793.395873529349, -1556.5053982487314, 103652.7888516981]]",157.83562986964537
m1043_125,"[[-0.08013610910820103, 0.05519599844697275, 0.21195305468091824]]","[[0.30618341004681865, -0.2744516315533181, 0.9096671933516074, 0.058597087723136]]","[[0.0, 1.203898651671834, 1.203898651671834, 1.203898651671834]]",[29],"[[[-0.06011277673186023, -0.029102232837328133, 0.25343334421534924], [-0.08534351695070362, -0.025822106532229678, 0.25831236875942926], [-0.05486432286283773, -0.02982029242307149, 0.2605346917595413], [-0.05496490239629802, -0.03331225667696517, 0.26003294298173485], [-0.07177657146941929, -0.023729951848056322, 0.2770807587634362], [-0.058994257622420505, -0.036139952381148775, 0.2624192653680769], [-0.06422307386766614, -0.022139055036068733, 0.2548149110862284], [-0.06704381767806407, -0.036982960712214165, 0.26740120861868705], [-0.06613938365268429, -0.03335711645647624, 0.2808026136138707], [-0.04240424839468913, -0.02505026007253292, 0.20468325047676728], [-0.03897995438473472, -0.022810102273770432, 0.2014864665433718], [-0.04104970219624088, -0.021889459249655616, 0.20686501410706376], [-0.006341301426055061, -0.026655689679540254, 0.24235181318803362], [-0.008636799287607466, -0.028448127288005144, 0.24081285268850428], [-0.0054833811289292335, -0.016479587475414795, 0.24458626090989843], [-0.012004548973723245, -0.013396034246284723, 0.24407412149964358], [-0.03344787996823138, -0.029918020170410238, 0.2439835879415472], [-0.03012528049081475, -0.032170738865303077, 0.24829163160968393], [-0.013396580095833655, 0.022534587449463208, 0.2917791557527323], [-0.02950740591145318, 0.03786808041324478, 0.29890512281772097], [-0.030208754145962212, 0.020529512006788344, 0.292915126923154], [-0.011406047118181174, 0.02258746205410081, 0.2872825993206551], [-0.011373460888809313, 0.051555526513134886, 0.2860923907599334], [-0.013361740971525975, 0.06184856493497557, 0.28444740769868837], [-0.014864426675589274, 0.03744573818948943, 0.2798474642712945], [-0.012203975362615558, 0.06412838266090477, 0.2862682219522377], [-0.01897120328207373, 0.035338363313952084, 0.2791191903909194], [-0.011531137353146445, 0.04696105739573787, 0.2853975773505636], [-0.015868046445389618, 0.0418121111468524, 0.2789306386937893]]]","[[[0.2771829964850531, 0.3721776342438252, -0.7358859080587933, -0.4930774029994904], [0.7879633498834199, -0.39419469871378077, 0.06651356624287882, -0.4682950397474919], [-0.71346742920155, 0.5343887134535173, -0.3410195315628772, 0.29849390193881975], [-0.713467429201585, 0.5343887134535301, -0.3410195315628104, 0.29849390193878955], [-0.7134674292015959, 0.5343887134535313, -0.34101953156278925, 0.2984939019387855], [0.7712819683496845, -0.15483126644969192, -0.27057194645256777, -0.5549254238373742], [0.24864344702703137, 0.2871167155286019, -0.7594939985729877, -0.5281186363367595], [-0.2705719464524973, 0.5549254238373915, -0.7712819683496835, -0.15483126644975892], [-0.15139434121240872, 0.5450045466403194, -0.7853030266804125, -0.25169218080191563], [-0.32916591420938246, 0.8284062231301113, -0.13483161177529593, 0.43268159987233323], [-0.3055340685825301, 0.20493500446218482, -0.503552589002836, -0.7817194938019845], [-0.11749181514759822, 0.8566622927880034, -0.35880721221865414, -0.3515434168753574], [0.2052066774170864, 0.40427194525216964, -0.7601801236062379, -0.46538220152845505], [-0.27057193250784894, 0.554925418102399, -0.7712819750222696, -0.1548312781339509], [-0.7627932163089772, 0.5981404161439952, -0.20994335104510709, 0.12766495635077504], [-0.2633531543718009, 0.588969484942802, -0.7456091781413887, -0.16681431401398367], [0.4738913575960915, 0.15978898536876499, -0.626102762622647, -0.5982389087871529], [-0.7262725860958976, 0.5243404927971265, -0.31349174014952574, 0.315147754484886], [-0.3641517797122685, -0.2987778779098229, 0.0889588609932806, -0.8776169905231261], [0.0895857873395739, -0.9099338387555609, 0.03265036429996418, -0.403644335406057], [0.0914181102666232, -0.9908333891437588, -0.019696463471380318, -0.09748832442858303], [0.08955910284712719, -0.5334260746762872, 0.1581444066207807, 0.8260908767243631], [0.014498762009136107, 0.45297098836703814, -0.096203739646612, -0.8862008294263767], [0.014498762009084676, 0.4529709883669758, -0.09620373964664053, -0.8862008294264063], [0.014498762009101995, 0.45297098836703753, -0.09620373964662932, -0.8862008294263757], [-0.01449876200913211, -0.4529709883670204, 0.09620373964661488, 0.8862008294263855], [0.05778751265251106, -0.9469340564848974, 0.078319814807702, 0.30633723681423475], [0.08234264337394298, -0.9770527578269894, 0.0720411844988132, -0.18275028109656652], [0.09620373964673401, -0.8862008294264614, 0.014498762008909871, -0.4529709883668538]]]",[0.07469289753192943],[0.008311667425335244],[-0.6234456548587743],7151.0,"[[4958604.113054139, -511156.5006147513, 99365.27547720456], [-511156.5006147513, 5049127.687649815, 516350.70181251323], [99365.27547720456, 516350.70181251323, 4768168.060310249]]",178.3731675424593
m1044_125,"[[0.0019041674099044884, 0.004848431781233838, 0.17280585422902067]]","[[-0.0021606839152587386, 0.004103419305959358, 0.24177637353886175, 0.9703209152612422]]","[[0.3904188982995437, 1.1642812506931213, 1.1642812506931213, 1.1642812506931213]]",[4],"[[[-0.039325034120378924, 0.01507603529753129, 0.2761504564159967], [-0.03336080012680958, 0.019949478445629495, 0.27208153182318406], [0.013158686799971878, -0.038915425536383455, 0.2721691065423405], [0.031698081035637884, -0.025110858869218076, 0.2553148399642255]]]","[[[0.8715763899094595, -0.3160189282501987, -0.35402340121849557, -0.12310184779148423], [0.800971597561272, -0.3329923557560663, -0.2487308108971094, -0.4309217732009319], [-0.5624984965698372, -0.4231919250867345, 0.7015916416809795, 0.1107844944992073], [-0.38965771642061225, 0.28280179047205994, -0.8104292150910415, 0.3337581439704344]]]",[0.04225152928932613],[0.004424071914528255],[-0.9372068730798842],2023.0,"[[340771.72461430513, 6752.145394539621, 1200.7483302074581], [6752.145394539621, 258267.2578899218, -10086.517911374867], [1200.7483302074581, -10086.517911374867, 337064.66151701164]]",177.61385709297844
m1048_125,"[[0.10778120128262773, 0.05581558809455079, 0.20287270155613402]]","[[-0.3856122406915036, -0.4409527850969906, 0.7998351855694036, 0.1308721401568837]]","[[0.0, 1.1788302563154025, 1.1788302563154025, 1.1788302563154025]]",[43],"[[[0.04989761377766205, -0.0023942102378169032, 0.16110164673934366], [0.0543533745031161, -0.000357994754896616, 0.15739376424971746], [0.06616601913049641, -0.005860922840320566, 0.15990964338903277], [0.05286853860654145, -0.006699268836428923, 0.15242469567188086], [0.06072907203084369, -0.006513144038728403, 0.1569091466306292], [0.06773628964669189, 0.004056335104427832, 0.16868306424565915], [0.05110576790420309, -0.007367561861705171, 0.16353838545319638], [0.061404127766990106, 0.00242128470462049, 0.16681483739955758], [0.0647936073885837, 0.0036584604996606628, 0.167803619365827], [0.05485183612871007, -0.0064508382858220435, 0.16481104067115784], [0.05371158602529888, -4.10345428084824e-05, 0.15069236832441885], [0.053852539491822955, 4.7795954804565e-05, 0.15562279691759975], [0.022382259235760472, -0.0012887661597283167, 0.1973936745870062], [0.03748509694040472, -0.0037486525092584487, 0.1585327369853009], [0.041897865094633564, -0.0015286676268099662, 0.15508351543594046], [0.039738307382864546, -0.014988489115374667, 0.18908223632819807], [0.050675365452126316, -0.0015385009135660218, 0.1603247522250301], [0.061111619480948794, -0.007251645303264578, 0.1561087897376809], [0.058605044480790874, -0.006845029487941154, 0.1598952740752233], [0.04831840125946255, -0.0025963660541606028, 0.1623071837677041], [0.014847690054362993, -0.002340459474874551, 0.1971339341939251], [0.019902559815295297, -0.005099414775607704, 0.20095933794989226], [0.014734538512624844, 0.0005060938705820597, 0.19600892154193492], [0.05216695965678818, -0.0071338802174253715, 0.1651620668325022], [0.022554792314862255, -0.0036787448528416496, 0.20124660300174033], [0.050955196792681685, -0.008936402272492044, 0.1807628225681222], [0.05296312648505089, -0.00887463727406976, 0.17815417801603128], [0.055348895664044204, -0.008801249729607179, 0.17505465526133565], [0.043576111542874295, 0.009643352085507463, 0.26077313369729566], [0.04020831407593571, 0.01344179296539598, 0.2694239627460964], [0.04067650945602301, 0.006114223255909451, 0.26077105634913145], [0.04171611165663994, 0.024159822453647097, 0.27915806223341477], [0.04760300510723753, 0.029977645318958142, 0.2776861865057494], [0.03660747850414996, 0.019602742457496453, 0.2750989555669064], [0.03853930154033586, 0.022043646022811104, 0.27705400874124037], [0.03893374919048577, 0.029167268592469934, 0.2782847500437416], [0.04003978903037855, 0.03262917465806039, 0.27966319827079966], [0.03858349159040221, 0.00938831626716215, 0.26714823160331647], [0.03383257990333828, 0.011854477352018302, 0.2717582494728173], [0.034815170822452744, 0.014458110700617687, 0.27292361771194823], [0.038284965076463354, 0.02596920170837528, 0.27732965578766217], [0.03340261393486271, 0.004469784630566338, 0.26667016053119746], [0.031676133257721374, 0.005519881459849836, 0.2691229205420892]]]","[[[-0.007864869821348654, 0.11033612150447362, -0.35176733937115734, 0.9295288177704769], [0.3191322712173886, 0.8055261615026368, 0.15271012636649456, -0.47535440873898327], [0.31913227121738824, 0.8055261615026356, 0.15271012636649534, -0.47535440873898527], [0.31913227121738835, 0.8055261615026322, 0.15271012636649922, -0.47535440873898976], [0.15271012636651635, 0.47535440873900286, -0.3191322712173913, 0.80552616150262], [0.1527101263664945, 0.4753544087389833, -0.31913227121738874, 0.8055261615026368], [0.2819500481797462, 0.9113289601701713, 0.060458325438172034, 0.2938170988417883], [0.3281921249759527, 0.908183466015114, -0.09684252586757376, 0.241068965949853], [0.3281921249759545, 0.908183466015113, -0.09684252586758135, 0.24106896594985097], [0.34617319208977404, 0.9203529457490638, -0.10969873350211196, 0.14519216300279378], [0.7631989725956847, -0.1005489353524602, 0.3946064227047512, -0.5017001205785555], [0.5705235350393209, 0.026476462411534278, 0.40635368114308756, -0.7132170628398267], [0.5705234936363566, 0.026476486000772563, 0.40635367960610114, -0.7132170959592873], [-0.2989182368784687, -0.7319631141540981, 0.591105551965759, -0.1595998546821327], [0.11610678066384875, -0.48559387566810086, 0.6907792990021876, -0.5230122020254943], [0.11610678066385963, -0.48559387566813983, 0.6907792990021684, -0.5230122020254809], [0.35483884355058504, 0.5981670123261554, -0.7170455465090134, 0.04616605575609286], [0.6907792990021948, 0.5230122020255122, -0.11610678066385888, -0.4855938756680685], [0.6907792990022082, 0.5230122020255151, -0.11610678066384397, -0.4855938756680499], [-0.21464483515503774, 0.6094963511042233, -0.5843626870737098, 0.4908788472606024], [0.2877299677446614, -0.14508562188346644, -0.8318199322391306, 0.4519261314795065], [0.38850614097951286, 0.8280970027727707, -0.3852674872843447, 0.12201350606210914], [0.76990803187543, 0.6301974428295605, 0.04073639351429211, -0.09183328235576337], [-0.02539530791484492, -0.5894490994330751, 0.6945807357542391, -0.4116581579812877], [0.3652975886336596, 0.8772454732985175, -0.2541968967884775, 0.17994996243067568], [0.6278324979835542, 0.13943052376145126, 0.31055302126057716, -0.6999587877191523], [-0.27223404457636236, -0.6903079281835258, 0.6453730471124102, -0.18126560435285619], [-0.32217155229120603, -0.7024296162863076, 0.6219503873902434, -0.12639557224551634], [0.07105434034827501, -0.40590974649120065, -0.2780430773567322, 0.8676869283071627], [0.11779035705605874, 0.8583957334365934, 0.26168253449177825, -0.4252110625847105], [0.11779035705606422, 0.8583957334365988, 0.26168253449177964, -0.4252110625846971], [0.11779035705605874, 0.8583957334365934, 0.26168253449177825, -0.4252110625847105], [-0.01456855439412763, -0.5317021635317469, -0.31195609529621987, 0.7872508882980449], [-0.1757097462609546, -0.3532656941884714, 0.1133796567492264, -0.9118522291544151], [-0.1423260120012345, 0.3180265938911143, 0.2543293537748335, -0.9021745793882227], [-0.14232601531344224, 0.3180265666378802, 0.25432935369887444, -0.9021745884941743], [-0.1802185529894266, -0.41157517220687784, 0.08855841552018157, -0.8889795036005224], [-0.2616825344917782, -0.42521106258471053, 0.11779035705605885, -0.8583957334365934], [0.2543293536988766, 0.9021745884941753, 0.14232601531343606, 0.3180265666378785], [0.2543293536988804, 0.9021745884941769, 0.1423260153134257, 0.31802656663787554], [-0.1399132483952111, -0.9323285830968738, -0.17174748738265078, 0.28581549405485696], [-0.2391100416943516, -0.42815046325319184, 0.10661294438770004, -0.8649550559803602], [-0.5269611757576351, 0.39775045807781007, 0.08728625515656836, -0.745980966247642]]]",[0.051444390574581944],[0.016064233171076026],[-0.4740614396621509],51.0,"[[54384.1510709834, -5336.632421186694, -7935.65713910536], [-5336.632421186694, 94004.53882569584, -3213.9741784617154], [-7935.65713910536, -3213.9741784617154, 55494.71620663919]]",123.99598518313597
m1051_125,"[[0.0988572334608734, -0.029310889188922995, 0.2568618614285658]]","[[0.5949315137247738, -0.46190694603372306, -0.5032363114616606, 0.42361737689737317]]","[[1.617588919567123, 0.8560124544034757, 0.8560124544034757, 0.8560124544034757]]",[9],"[[[0.07636206472175738, 0.04147233010632166, 0.26147484760273254], [-0.012372658656567677, 0.05851854651365981, 0.25012789042233924], [-0.013586538521378045, 0.05687054496919963, 0.25958608774637953], [-0.01588319216587902, 0.0618819607523338, 0.2646107107095543], [-0.015453741906506597, 0.06093187435885913, 0.26040908185553596], [0.016334218150254876, 0.06234967766649863, 0.26548611613988804], [-0.009118101791605222, 0.05187562097553202, 0.25874041317151814], [0.01031937876294435, 0.07818296750634397, 0.26250616716039543], [0.05442979892168259, -0.006541277891748554, 0.18050398520786376]]]","[[[0.48644061039680203, 0.5134424002340887, 0.49469510437748837, -0.5050041464221761], [0.46584676129238767, 0.7589407226949503, -0.35369053366902986, -0.28617963034006544], [0.4232244503395469, 0.2546223220548766, 0.6380106983332126, -0.5907545061686263], [0.03117138865102365, 0.6600127729417039, 0.15273387061165675, 0.734903972537468], [-0.7411306188892185, -0.21300797967219565, 0.6257072975930539, -0.11765791124973722], [0.3118767659647377, 0.5918681621027395, 0.4613134043401744, -0.5827648792751502], [-0.723774272642921, -0.28029111839774584, 0.5985974528951244, -0.1981635198390989], [0.44306847810897293, 0.6337067215548151, -0.24432455872012473, 0.5851594866091322], [0.8572647459772693, 0.03344554941484562, -0.4143960193821846, 0.3037342418119285]]]",[0.04279641015455805],[0.0046753869506234065],[-0.2160266695826245],2957.0,"[[485991.1241502431, 52334.167321578694, 53611.329799595944], [52334.167321578694, 481444.86668016354, -34253.72211146973], [53611.329799595944, -34253.72211146973, 568884.3297323149]]",155.0361034835549
m1053_125,"[[0.07328461711023186, 0.03414335473145244, 0.29884418369536137]]","[[0.5173864494810568, 0.7570489263716705, -0.3899813272529246, 0.0842778106439306]]","[[0.0, 1.1155840153193401, 1.1155840153193401, 1.1155840153193401]]",[1],"[[[0.029179577349729157, 0.022394281209624438, 0.3024291691228527]]]","[[[0.2437554180658621, -0.023573736480385993, -0.3119859755084865, 0.9179827483117036]]]",[0.08347358845836314],[0.030927948083494066],[-0.90683952189363],120.0,"[[24861.214965767864, -9350.519888228182, -14223.433607427343], [-9350.519888228182, 55285.61259189866, -3387.027270615096], [-14223.433607427343, -3387.027270615096, 54017.07151640034]]",126.82693309133168
m1061_125,"[[0.048507117547852786, 0.01311785163963271, 0.14769866453464403]]","[[-0.2794332380993555, -0.09691946704181552, 0.72644668014824, 0.6203216127584466]]","[[0.2021538736466546, 1.1297917849214936, 1.1422917849214935, 1.1891667849214935]]",[4],"[[[-0.031131750336763353, 0.05188906791454811, 0.20709732818199147], [-0.0272443094866113, -0.026416053105899614, 0.1981768646855927], [-0.026337966761745983, -0.008691366562142179, 0.22984381156276248], [0.017343670527137672, 0.035642447702024606, 0.24000161925434937]]]","[[[0.6742661048963988, 0.5503359458453965, -0.3852956684007924, -0.30666400899009677], [0.5217906095179004, 0.357880940679331, -0.6619117934109444, -0.40190617046883287], [0.9674288950428682, 0.1032979112482893, -0.10403084686528752, 0.2063697106369222], [0.44083436415364957, -0.23634283142787857, 0.637984250465691, -0.5854769214679871]]]",[0.05491037578074405],[0.003903693081702239],[-1.385364309667039],1174.0,"[[26292.56214063843, -1234.9500828130474, -9894.344841464264], [-1234.9500828130474, 38540.878273573595, -3317.0633771130924], [-9894.344841464264, -3317.0633771130924, 30822.531219466422]]",132.27638451053932
m1073_125,"[[-0.10027927214447792, 0.04854845832044285, 0.28724240243361077]]","[[-0.2645586078192429, 0.701703982167178, -0.1728809330298658, 0.6385393076657003]]","[[0.0, 1.0796099592710033, 1.0796099592710033, 1.0796099592710033]]",[3],"[[[-0.020492263186512982, 0.07922430212185945, 0.2149049253613231], [-0.02055620666974383, 0.08825818898873931, 0.21363157014096593], [-0.036291962163328056, -0.014336931902629213, 0.32406755700268436]]]","[[[0.5347456550332026, -0.8428674580076614, 0.051869536884931206, -0.030513665760726116], [0.545174798914597, -0.8252570141808362, 0.022327084190878616, -0.14572851637649203], [-0.5761840263583178, 0.7552088477818122, -0.23354198115929065, -0.2076769294788874]]]",[0.060036389327227185],[0.007888462800803417],[-0.6405957239747931],2336.0,"[[713014.2028553324, 62237.83809614598, 8473.774972836956], [62237.83809614598, 533809.6555179551, 17213.092900746527], [8473.774972836956, 17213.092900746527, 791752.8405804253]]",140.7809846070384
m1077_125,"[[-0.09971635670085637, 0.09292255391702336, 0.27456632635065825]]","[[0.5758606878380621, -0.36856720604942, 0.6672700246995293, 0.2954545598989596]]","[[0.0, 1.7023802542231032, 1.1248802542231027, 1.0580052542231027]]",[6],"[[[-0.044491741398100734, 0.04427734303570987, 0.29887722200923766], [-0.04501773488978044, 0.04417942746358093, 0.3020760130765769], [-0.06443341203681983, -0.006673604707275758, 0.24640802785749638], [-0.012813008610304908, 0.028668059609980104, 0.2920688239488783], [-0.011951836146589009, 0.027726442919025106, 0.2961023202769134], [-0.0113800717748259, 0.07038045877296895, 0.28693158481114167]]]","[[[-0.7283665050506395, 0.259134328686756, 0.42687814096294197, -0.4691552906921159], [0.7496384961594307, 0.13686305228807563, -0.6325957901228548, 0.13832279751747287], [-0.19265274684882672, 0.734342398506644, -0.2045294917440763, -0.6178946899707275], [0.38725994761403776, -0.5471690411284577, -0.3457093709938711, -0.656597901467526], [0.37781881726921673, -0.5613417885327864, -0.35269509491854906, -0.646339313197409], [-0.02426906332348893, -0.6472312437737872, 0.0008036451075879578, -0.7619068734451593]]]",[0.04520673757268759],[0.003956003651151758],[-0.8312203425075706],3433.0,"[[99583.54327748963, -3738.6506059460344, -4613.205157615914], [-3738.6506059460344, 66015.53924801928, -6202.764764473312], [-4613.205157615914, -6202.764764473312, 98206.36521045388]]",133.5994622166881
m1082_125,"[[0.03375326777957595, -0.1013905938670904, 0.24952250681030178]]","[[-0.14399749034795342, -0.5673865350176894, -0.6230683635399238, 0.5187707171861119]]","[[0.0, 1.2059301046532096, 1.2059301046532096, 1.2059301046532096]]",[5],"[[[0.014041931406113223, -0.026658813057239623, 0.32980408009275036], [0.00015783964654777805, -0.02248241928485414, 0.32826902149493353], [0.03506895741335741, -0.01778901684409803, 0.2852289476152741], [0.02918963157048983, 0.0013322879763540544, 0.2640939888581557], [-0.012074365804057692, -0.07693634198117014, 0.22765381330103107]]]","[[[-0.8494944850837252, -0.4976579648609023, 0.08856037363249489, -0.1511711944945685], [-0.8493526066423785, -0.4975474325513274, 0.08906166359552795, -0.15203526574113124], [-0.8381735612345554, -0.524252219597473, -0.14863388266360902, -0.02307943714318633], [-0.24268841313782866, -0.03648545974486649, 0.8159219159661641, -0.5234907567492973], [-0.942514238011106, -0.32457092989275543, -0.025886087318084082, 0.07517002792507531]]]",[0.06454212241962932],[0.005769958449687592],[-0.7344106000307735],81.0,"[[438.4521476228241, -0.0001228645493488216, -1.1093595162492421e-10], [-0.0001228645493488216, 62.4703457598803, -0.00011163997720434965], [-1.1093595162492421e-10, -0.00011163997720434965, 438.45215331693646]]",185.24967512302837
m1085_125,"[[-0.04702005977635578, 0.05108998254443231, 0.24111638818410353]]","[[0.39018903322064236, -0.07329610412791161, 0.7245290838843853, 0.5634161925962583]]","[[1.1140691001237495, 0.900431928516135, 0.961681928516135, 0.7341819285161348]]",[4],"[[[-0.02948308964146672, 0.05780436953842727, 0.36400766730275347], [-0.019361595558701324, -0.06443568958538208, 0.26599351186225345], [0.009850543190915885, 0.05937132146701742, 0.24162681065855454], [0.0689059655821084, 0.0182364133687806, 0.2788597306481263]]]","[[[0.16056846199517805, 0.05255386227089387, -0.3443390021830567, -0.9235185499753061], [-0.20258207842954984, 0.6977023437454747, -0.6470073853141483, -0.2314160417520454], [0.6430272314533053, -0.6691226322421916, -0.14818971201336653, -0.34180504952995333], [0.40386463019281704, -0.6593219555148684, 0.18702899962674793, -0.605976957279637]]]",[0.06582854520896489],[0.005443206707042931],[-0.2221397464370121],3714.0,"[[4615656.036896614, -103468.65349554484, -296606.9613301903], [-103468.65349554484, 3909120.950070283, 300083.1949107659], [-296606.9613301903, 300083.1949107659, 4704340.420788178]]",208.40429382211894
m1086_125,"[[0.03464021697631714, 0.03309303627807829, 0.24474860696368508]]","[[-0.33847529945689436, -0.4837576436331837, 0.5531279991323228, 0.5877605213519437]]","[[0.0, 1.1613786416832765, 1.1663786416832767, 1.1526286416832765]]",[1],"[[[0.027935302761121036, 0.07505911269380192, 0.2428908924435433]]]","[[[-0.8067300094123135, 0.02448889131108284, -0.5814064897739638, 0.10273013075373855]]]",[0.04322413430175007],[0.003142287781732004],[-0.8435164111970033],180.0,"[[47417.21938255329, 872.7055350299634, 112.99565913302904], [872.7055350299634, 5079.033257476692, 916.8492469989427], [112.99565913302904, 916.8492469989427, 47746.116638780026]]",155.57005275815686
m1107_125,"[[0.05399494321411457, -0.005548179648724929, 0.27503688156330147]]","[[0.008440678353568168, 0.022173711475077434, 0.008147229462338042, 0.999685302542975]]","[[0.038273922629795676, 1.1777968726089734, 1.1690468726089733, 1.1652968726089732]]",[2],"[[[0.009733471122278466, -0.006221894735802272, 0.2769963134055147], [0.009814025895268046, -0.010471449096439177, 0.27692246764915873]]]","[[[0.7125769648072188, -0.701449673319934, 0.0019899392072939373, -0.014087766588111313], [0.7129796461701761, -0.7011847289745055, -5.798313218452478e-15, 1.2976598962044505e-14]]]",[0.0411600169696902],[0.0007993006535354881],[-1.6620231123589793],213.0,"[[549.8114216251377, 502.49417727311635, 14.269438536820282], [502.49417727311635, 13078.78690760296, -10.228435084061266], [14.269438536820282, -10.228435084061266, 13544.468257900004]]",182.1056851727483
m111_125,"[[0.0035367704281152835, 0.01230497730057571, 0.07565542983793046]]","[[0.03179452047144018, -0.04550698189640583, 0.7052182954761806, 0.7068135389141479]]","[[0.6653335133740867, 1.091957295040655, 1.0269572950406551, 1.050707295040655]]",[3],"[[[-0.032319533259755784, 0.03828359448502701, 0.1785520424266383], [-0.03096191356589837, -0.04939523549869798, 0.17063878368165383], [0.040550078247120605, -0.003774658850068068, 0.17753947096779146]]]","[[[0.5430557907829053, 0.5027066687612466, -0.2684520890100827, -0.616692702394188], [0.27374425172607425, 0.6252722778087655, -0.6458850018338271, -0.3419520838610094], [0.48567048006720603, -0.53354150658297, 0.46080226594538043, -0.5168354837315903]]]",[0.040514682893905085],[0.001669574118689208],[-1.154905410049492],807.0,"[[46469.42535609043, 0.31103567397976634, 14.566425971047112], [0.31103567397976634, 38119.33466535252, -9596.663343449487], [14.566425971047112, -9596.663343449487, 16858.23532504188]]",132.99280449721456
m1139_125,"[[0.07666933325272045, -0.097331694089851, 0.22336786702548683]]","[[-0.6128516509095089, -0.21634383957907752, 0.03568350403666548, 0.7591672309796683]]","[[1.290183074882452, 1.1825644192506637, 1.2000644192506638, 1.0600644192506636]]",[4],"[[[0.08458296616066348, 0.012666107384253621, 0.2408236111486678], [0.08445820695422519, 0.01260765383748283, 0.23736274000374777], [0.0038836515899127962, -0.017575859732224842, 0.2113174361593418], [0.02071450775413703, -0.017862638515353513, 0.2715013594421316]]]","[[[0.7033132909197611, 0.061459534474898395, 0.6873395788590918, -0.17069693544862038], [0.7011850301833892, -0.08171175088486297, 0.701414220066489, -0.09839123488689877], [0.9477222242531601, 0.023598906570148126, -0.31818582231314596, 0.004843526013532523], [0.05672058586494755, -0.004056954310686144, 0.9958393627377986, -0.07120589780933374]]]",[0.0466011280151179],[0.0015747923627078791],[-0.9297522861571403],2472.0,"[[165921.68630440012, 11.340558369552548, -7305.941769510835], [11.340558369552548, 121652.3024929052, -78.12904752473078], [-7305.941769510835, -78.12904752473078, 239589.24852739112]]",139.32843402143556
m1142_125,"[[-0.025983660748527093, 0.007415517361211144, 0.17664183060023333]]","[[-0.0005649763727939754, 6.120953443323615e-05, 0.0016616427486620157, 0.9999984579980445]]","[[0.0, 1.2327367670965201, 1.2327367670965201, 1.20273676709652]]",[6],"[[[-0.004427978746089679, 0.023176118233994257, 0.17662142032433223], [0.00447035826074347, 0.021341396838027847, 0.17662242122634256], [0.004122176145941183, -0.014250635855295065, 0.17666268771573945], [-0.004427982916807519, -0.00941289580476224, 0.17665825096688148], [-0.0044279905282603735, -0.0041018336931449755, 0.17665224864360202], [-0.004427973647425923, -0.0142506346905057, 0.17666371836127975]]]","[[[-0.7082806496819966, 0.70593073197102, -0.00035621694753388866, -0.0004427803012923244], [-0.7082807003208117, 0.7059308312917798, -0.00023595930064761425, 0.00023517645642716231], [-0.7082806496819966, 0.70593073197102, -0.0003562169475295784, -0.000442780301303045], [0.708280727953876, -0.7059308595023317, -0.00012672373019783454, 0.00012630329789761635], [0.7082807183347974, -0.7059308498248015, -0.00017247876084700654, 0.0001719065266462555], [-0.7082806496819966, 0.70593073197102, -0.00035621694752920394, -0.0004427803012567465]]]",[0.05161615080484458],[0.0011561008596644978],[-1.5546397020979863],302.0,"[[5503.758374215817, -1.9275854435796036, 0.4097371355689521], [-1.9275854435796036, 20424.222055070728, 292.46075902047994], [0.4097371355689521, 292.46075902047994, 17127.1095083968]]",138.22463834911628
m1146_125,"[[-0.06632040625294841, -0.006238307461182716, 0.13218213327209424]]","[[-0.17515243164566752, -0.05418872494406615, -0.5946939829955429, 0.7827670626479137]]","[[0.17836567679480253, 0.831179164407964, 1.6086791644079648, 0.8586791644079641]]",[2],"[[[0.008470112740871958, -0.002059143656786696, 0.16439346881720904], [0.004256593401899196, -0.0038045364124166974, 0.16083482485300687]]]","[[[0.5410486075013476, -0.595390047361055, 0.5908565759638905, 0.06054421908391015], [0.5426471790508568, -0.595548927133431, 0.5893772921114357, 0.059075561798074994]]]",[0.041846024799480755],[0.007109993375682473],[-0.638190983516094],382.0,"[[10550.78199135212, -0.08769649064775864, -0.7478109647633885], [-0.08769649064775864, 15155.665874103448, 747.4233340375143], [-0.7478109647633885, 747.4233340375143, 5348.278223605257]]",161.9813547469646
m1151_125,"[[-0.00707140257304506, 0.03663007223625873, 0.08374170742911849]]","[[-0.016811988886120368, 0.08444898733131172, -0.7532460248681286, 0.6520783324024588]]","[[0.0, 1.252384232524858, 1.4101674356498584, 1.311368607524858]]",[1],"[[[0.04187188101339971, 0.04215680895810313, 0.128974539508295]]]","[[[0.4989161260185357, -0.6194802851510385, 0.4367555171375681, -0.42020410963928023]]]",[0.046758751547837145],[0.002568292349269044],[-1.4353357102888324],1220.0,"[[28067.647208371982, -0.38886423232270984, 0.4781970518753515], [-0.38886423232270984, 34434.39124801314, 2764.717125077222], [0.4781970518753515, 2764.717125077222, 9754.614348015333]]",161.993067843032
m1173_125,"[[0.0586147522994959, -0.07507365401845335, 0.22861272734130667]]","[[-0.05583295447789342, 0.041116174161823824, 0.21279685681504285, 0.9746330792386447]]","[[0.0, 1.0147386407664352, 1.0147386407664352, 1.0147386407664352]]",[116],"[[[0.06194419374941276, -0.007797566455085697, 0.26214196683645175], [0.049609529885760326, -0.006341921236714324, 0.2725444636260131], [0.06096037228067974, 0.013589486701955799, 0.2685069494099266], [0.04037408912710032, 0.01236451096357862, 0.26586254418079924], [0.04663356340688936, 0.0006374439900465383, 0.2741477436645652], [0.04861723878585357, -0.005139533774950216, 0.26863869963726794], [0.04836991717632786, -0.00385953987583969, 0.2715352380514339], [0.041676435910507605, 0.009924576351003415, 0.2675863635329149], [0.057797028859897806, 0.012873837393447727, 0.2684267044370824], [0.04645805536957999, 0.014837545112113592, 0.2826740261384444], [0.05281867679168686, 0.018409039993007872, 0.281019843025456], [0.04429564547343388, 0.01905890317051766, 0.2804833327829247], [0.04686202858086567, 0.021896821192296006, 0.27343588485057274], [0.04560688143632793, 0.02181138408394476, 0.2763301081283616], [0.04316222490347857, 0.020982844317918827, 0.27819548285122864], [0.04373064316327314, 0.017372323051056605, 0.2688984448303969], [0.05797898666330773, 0.0064236879038494675, 0.27870098021103235], [0.04804398035314375, 0.004810235860529115, 0.27180077307148304], [0.06468060977846926, 0.006619656274680148, 0.2734311504559625], [0.05530386183131956, 0.00778560282032001, 0.283080925101299], [0.05502400599302914, 0.014522237945297502, 0.28729714217289665], [0.048331042130493405, 0.008626365207890419, 0.2744856795412258], [0.05682213577888914, 0.007768600854118508, 0.2739229570153279], [0.05501852639046608, 0.005305362513126459, 0.27939190806273667], [0.05185329378899961, 0.0007614939293871962, 0.2749335848553221], [0.05483337977555604, -0.0005940650547624103, 0.2762641750970883], [0.04844646254426278, 0.010637239757931261, 0.2834305744352516], [0.05043108142862755, 0.02212710214200793, 0.274878699884375], [0.044361508646098814, 0.0024425211306742865, 0.2805182585369647], [0.040946464554778655, 0.010605085711907995, 0.2829638949079572], [0.04856034205924269, 0.002286554135420758, 0.28066853556057225], [0.04487089083550101, 0.017430468618123456, 0.28157380487418787], [0.03484409614293506, 0.02197769874862449, 0.2746493147778364], [0.04855100065534377, 0.008263818583050251, 0.2774755756968056], [0.04098803910783367, 0.00804035716777982, 0.27320146774791704], [0.04681447833351023, 0.007874988276268105, 0.27347614155890404], [0.05793185381241335, 0.007250015863394129, 0.2782809966277515], [0.05703011265441584, 0.00850186467563923, 0.2753600651869604], [0.06731310010271185, 0.008404792518543005, 0.28283896729972213], [0.06560894128229895, 0.014380798712838327, 0.2915710368404759], [0.06486411602435746, 0.012178554756067897, 0.2763824222008384], [0.06633844789377889, 0.010859030680922097, 0.2840290221596034], [0.056294045442273316, 0.012867399134914241, 0.2861758648988036], [0.06451509987839801, 0.018778331231288498, 0.29939346417313656], [0.03979709524955865, 0.012082000644183716, 0.27877222185985684], [0.0547101284784272, 0.016957436311375675, 0.2693182776757427], [0.0616748636412616, 0.017557111882192316, 0.2698062930355698], [0.05810958934189435, 0.005116723393639404, 0.2822936024865544], [0.04847554665733888, 0.009933806867930009, 0.28341035896127514], [0.06310142004597016, 0.017401048083348074, 0.2816293718992825], [0.06054927326231516, 0.020475047858547497, 0.2715107783511019], [0.052614134351129334, 0.019500297915875257, 0.2802731720976544], [0.05076766915649216, 0.021641714573116526, 0.27262631008981414], [0.05192759215841415, 0.018374620192990094, 0.26984280049649545], [-0.0031209182587576463, -0.006380986256223592, 0.2702654932227953], [0.0037272909882370476, 0.002368019767210514, 0.27838268406548944], [0.008382374828862695, -0.0059043778719723855, 0.27875625670773724], [0.004029722251508028, -0.02587574871271095, 0.2791785205346958], [0.004894874189127899, -0.021945655548921278, 0.28121370696830533], [0.0009054336195745272, -0.01907583120682543, 0.27878005446865056], [0.01966402810929527, -0.01730019341627091, 0.26766139835460395], [0.019015039661496046, -0.016810444022214113, 0.28037191161398156], [0.008542593694629477, -0.0011004531738632508, 0.2689278926021752], [-0.0013447604588639024, -0.004053034204881856, 0.2724634516120644], [-0.0025220792735396245, -0.010280478948542723, 0.272775505116552], [0.0025018797875890992, -0.00019688409986886945, 0.2753551230192837], [-0.0013347938976047207, -0.0023743400492704926, 0.2791774475476282], [0.00961976179054707, -0.009730380344855474, 0.2744417738017673], [-7.823031668097614e-05, -0.00715818812409511, 0.27124883005873596], [0.01268299937159224, -0.009722046050232469, 0.27494280945701405], [0.008554808373118726, -0.005076447866420453, 0.2835283033040011], [0.006985286080246839, -0.001274861789353735, 0.2848502666719252], [0.011912812400682671, -0.0012082186154404955, 0.26955144021538435], [0.0021845203037738205, -0.010044808308003493, 0.27958369874824224], [0.010184286430730792, -0.009831707162934241, 0.27896425994637186], [0.01731284028417225, -0.010021769147470718, 0.27589319240892185], [0.00110761269523179, -0.004466563080634392, 0.2697805547539215], [0.003866185157864962, -0.0032176482420130377, 0.2694641947885191], [8.923781363002803e-05, -0.0040125678654397475, 0.2851272763557025], [0.02215576679408691, -0.021724465500318275, 0.2719226918541286], [0.018695226630651773, -0.02191876418494022, 0.27407171300661004], [0.004595765228051213, -0.004550093135972162, 0.2667598929209534], [0.004551160949476091, -0.0006047613163187897, 0.2730149887701753], [0.005727707178465024, -0.018035558140545253, 0.2789337167101405], [0.006755307396460471, -0.00235812755701875, 0.27856843656435976], [0.013171011050808137, -0.016084775205965043, 0.2803220386527179], [0.004483867991125704, -0.014929206414927005, 0.28035092584844956], [-0.005158774291465335, -0.010759286980444252, 0.27778977263969995], [-0.001583397102350105, -0.010660956548541862, 0.27789111990534715], [0.01306063472748945, 0.0006620225143683918, 0.27280425608307585], [-0.003058665247433581, 0.002493568570561571, 0.28586628709509393], [-0.005022309752475963, 0.005442306468820504, 0.28038476815680335], [-0.0012824496563489233, -0.002994248758666622, 0.27968978788361715], [-0.009825216794918453, 0.00023844505612428079, 0.28051613196923153], [-0.005646050674742376, -0.008247845781986257, 0.2834554356897001], [-0.006407650637114351, -0.007269206147415115, 0.28067793152179665], [-0.008719654217201818, -0.0005156958741271395, 0.28717916432139096], [-0.001806131669962138, -0.017293677085607567, 0.2812276629165769], [-0.002998883963620269, -0.015136492440162711, 0.27934324711217073], [-0.007200929287111812, 0.0005148195843482455, 0.2784307983751636], [-0.003219942989931589, 0.0006720855452755039, 0.2772692020802186], [0.0036059043551418457, -0.013531930885714524, 0.28071460526259034], [-0.007246486523027727, -0.006191320005852422, 0.27761875310212464], [0.016922464927620062, -0.002053840347570027, 0.28335065925456765], [0.010586056413099875, -0.009316136482910957, 0.28123178966950296], [-0.0016074376106198756, -0.0006805742998161186, 0.2859898250565359], [0.010556706919650083, -0.010086098885214938, 0.27793623938546264], [0.013726493673372694, -0.009951742328788562, 0.2782281700421], [0.015131906525865503, 0.00010284443236738383, 0.27625156416816077], [0.006821216063457975, -0.0018138092414245292, 0.27802083629442986], [0.01957720704617257, -0.008345896246555004, 0.2816597263536061], [0.01676118441000486, -0.010642062967698544, 0.28164074898189384], [-0.0100199151164054, 0.0034484031802567293, 0.28055833595164886], [0.0101894374170313, 0.006407445106435908, 0.2806081959196279], [0.003969099267728459, 0.00595803495482518, 0.28383257257053524], [0.0075158381438188895, 5.363296037360854e-05, 0.2754580101700759]]]","[[[0.9164338585612264, 0.06544888993029863, 0.028123627409933197, -0.39379498126662466], [0.8816357674537665, 0.06390111538364567, 0.028924733860541528, -0.4666887407791527], [0.5179466392892397, 0.8032922776604154, -0.2335177967099042, 0.17866794373887002], [0.5155409352130197, 0.8063073242746741, -0.22288459693380133, 0.18549528131561122], [0.5173205982079401, 0.8041015133426889, -0.2307158446424332, 0.1804725850114235], [0.7113899650650468, -0.21419285294856033, 0.5042939391036804, -0.44015152201690916], [0.042576486776613215, 0.6719914444795757, -0.7368675946357577, 0.06033978203247975], [0.23253176460040345, 0.17930346938571523, 0.5177269754776347, -0.8035782620136318], [0.190321708700271, 0.2021782902783973, 0.6488614126417674, -0.708435214625899], [0.10159301854249939, 0.8676068715505836, -0.48118041791456556, 0.07350224783771302], [0.14056889429227337, 0.8587864340775409, -0.4872414654864034, 0.07295204529340735], [0.6425893282272105, 0.06062681395010046, 0.06451961912258071, -0.7610785527309512], [0.014641829992122588, 0.17523611245489695, 0.9603745430005096, -0.21623750568007155], [-0.04502147739710968, -0.45701178916420937, 0.8866581550345524, -0.054319492345139136], [0.05254575227553189, 0.6357083543876583, -0.7681165485844745, 0.05577454500225269], [0.04562494656684634, 0.5044900183621035, -0.8604707344534731, 0.05475674180297472], [0.04569568521253726, 0.5052046063085117, -0.8600491450408426, 0.054732789369206405], [0.41644850807694, 0.852266383743602, -0.278831093630509, 0.14988619845038584], [0.521233417524233, 0.79873166844485, -0.24866999527965736, 0.16883921264602594], [0.0333368244055844, 0.09130117533392446, 0.9719521867533643, -0.21415344542301604], [0.7298890931405057, 0.12173928027252334, -0.17931143211397416, -0.6482968993188954], [0.9922067743109915, 0.122258011420642, 0.007869907080404316, 0.022732360576788204], [0.9928858320853422, 0.11654645051013295, 0.011260073275305624, 0.021630073220443025], [-0.03245235602025295, -0.3796046495984416, 0.9224567462419404, -0.06261554044094318], [0.10149176553918118, 0.21040155527544654, 0.8577266327280725, -0.45796902796409217], [0.9684747685678693, 0.21512305044397614, -0.02636503775336499, 0.1228152295090233], [0.5042939391037019, 0.4401515220169391, -0.7113899650650178, -0.21419285294854398], [0.4838734949048591, 0.07341263564788345, 0.11987303578989947, -0.8637751334382705], [0.6377324578341944, -0.0928032393474267, -0.10732591827581939, -0.7570772868456916], [0.1178756860863783, -0.8090533692175924, 0.571347604374061, 0.07141346766086436], [0.20634994183824598, -0.8277010983636631, 0.517627156782198, -0.06627759676177253], [0.6950545868686334, -0.10394607581335663, -0.10579233307743444, -0.7034929401620961], [-0.1279317219435369, 0.2250171005368104, -0.7816120710069118, -0.5675238756588615], [0.847935758943967, -0.23057219083925812, -0.10597027374676901, -0.46541563639153594], [-0.205029743317942, 0.9646088415075043, -0.16383247214497282, -0.025524660847820235], [-0.2017131283532085, 0.9640879490256988, -0.17068203154817524, -0.026718617104398573], [0.547332222591853, -0.09164190094414132, -0.10462668503412353, -0.8252772000260135], [0.5469808618616965, -0.0888928106251423, -0.10644867415999931, -0.8255777884280662], [0.5463576203335837, -0.08412629435266394, -0.10960338917216313, -0.8260770026964122], [-0.431722020599539, -0.38846359908187955, 0.3705148428602996, 0.7248661120082877], [0.1051586848687561, -0.7568195199345341, 0.6377790111993543, 0.09697318245942549], [0.3372687924978324, -0.7122839004297205, 0.4844337483984697, -0.3797701281147404], [0.6832111120947921, -0.5802078917064917, 0.04158454250516885, -0.441420552915631], [0.36854158639879175, 0.3812511100890077, -0.4088245008894378, -0.7427564995495249], [0.42596006368759737, -0.6818911868557088, 0.36126516582918655, -0.47230277724165604], [0.28251743578043986, -0.029864946584021612, -0.17493983298890245, -0.9427025184433282], [0.24358784067750686, -0.02540751957920581, -0.18707154140011836, -0.9513273149768621], [0.09408242643412079, -0.032723803231949816, -0.2142479749031592, -0.9716869120185783], [0.2200786111741226, 0.6321480398247119, -0.5119056404638341, -0.5384300102248719], [0.5902076464015548, -0.08796155908797296, -0.10815162832440567, -0.7951232128058707], [0.5891801054532118, -0.07537816292307921, -0.11556613751286479, -0.7961340362984375], [0.734482813323992, -0.11996147304632004, -0.10344842774638366, -0.6598807958359088], [0.8646807575977485, -0.2532563499027993, -0.11342696888809081, -0.4187155733943441], [0.10537649967644785, -0.6598126595188507, 0.7350770290854386, 0.1149121793611371], [0.9668608549282628, 0.2154363428214474, -0.023669056588464042, 0.13493348420359152], [0.9737503423539882, 0.20577161937515717, -0.06805205880632925, -0.06955018847879774], [-0.0944792255249777, -0.019164862992238074, 0.9951682146188625, 0.01861742686288201], [0.6612160782734473, -0.25071359748490724, 0.5675041068257392, -0.4217523901589397], [0.1538481333552763, 0.10964881744616262, 0.8763223880433537, -0.4431331187236508], [-0.532496020170994, -0.7776703060738553, 0.3082822404550917, -0.12899202988184122], [0.0473479680573167, 0.6714290701533068, -0.7372029946707015, 0.05893147140924626], [0.9593968185278994, 0.21631472041903038, -0.01345302115254763, 0.18051233351339446], [0.9606584964345236, 0.21621338725523884, -0.014993772697790748, 0.17367271282519814], [0.16560590943551887, -0.4793080963591826, 0.8460816139238685, -0.1642690905330439], [0.5152237520226074, 0.021942025926895366, 0.44205630847552896, -0.7339272804487909], [0.8856471590075508, 0.12297947527208308, -0.06929447746038286, -0.4423838082447752], [0.9512442808144845, 0.2908838665662987, -0.09576170274077017, 0.036750383363474026], [0.2524161653199579, 0.16639090337601267, 0.5220201361488681, -0.7975557185639129], [0.23871075289175311, 0.17531273789554153, 0.519091898610008, -0.8017644424535668], [0.20617475805971763, 0.18756350804792474, 0.6532358871985857, -0.703984925451994], [-0.5638982447204172, -0.7639405021165425, 0.2778822603191938, -0.145585467087389], [0.49799821494984126, 0.06953969988759964, 0.19481833218044906, -0.8421447770382138], [0.18963974892879717, 0.20280272822809683, 0.6486665147042548, -0.7086180718489322], [0.9766839420917987, 0.20750720128363515, -0.04309907021872882, 0.03423023256915042], [0.974852536350833, 0.21490556469625863, -0.04761094593725581, 0.034804144291877344], [0.5237640928119064, 0.7948198232229567, -0.2609032260071125, 0.16081707108335927], [0.016393821083688982, 0.16744711270633947, 0.9617631841561916, -0.2161117411857352], [0.01570853520130968, 0.17049563560415446, 0.9612274424879516, -0.21616263314883225], [0.18742736080246164, 0.8447371116714979, -0.49634590141968915, 0.07022067168146146], [0.8810349363897688, 0.05657499322099627, 0.04144185718012432, -0.46782398770924793], [0.9181727857852622, 0.05713574735959122, 0.04002747265589005, -0.3899897989047584], [0.84876335768835, 0.1563710007088845, -0.15007049072142928, -0.48231495995617796], [0.8487633458125814, 0.15637099701378185, -0.15007049457166077, -0.48231498085479896], [-0.5178716972655887, -0.8033900963226632, 0.2331810409525079, -0.178885048123719], [-0.026154480383112213, 0.016273598307297802, 0.9953270335650458, -0.09151617020302207], [0.8599709706866201, 0.0537801952739127, 0.04748850006431826, -0.5052746406997423], [-0.5042939391037017, -0.4401515220169429, 0.7113899650650167, 0.21419285294854065], [0.17787074480461537, -0.06386577917200292, -0.14997435882451124, -0.9704590934648308], [-0.21600588383276012, 0.9627834351327712, -0.16147759902188877, -0.017734153424829324], [-0.2162501862255641, 0.9602214318962796, -0.176073165698238, -0.014453338903797335], [-0.09555369819244364, 0.8463965800895681, -0.5136758741103042, -0.10305055231024107], [-0.0986003452837213, 0.8469769913576546, -0.512969287676648, -0.09884562671751725], [0.6936321544104387, -0.12283547240722073, -0.09744044906484078, -0.7030584897236293], [0.511905640463834, -0.538430010224872, 0.2200786111741228, -0.6321480398247119], [0.10171984498702111, -0.8066676125731599, 0.5739545402957114, 0.0975531733736726], [0.11108909072504364, -0.8081335724792569, 0.5725239664085294, 0.08243573764843519], [0.5131013070920937, -0.09962666125050555, -0.09803462482833616, -0.8468711763681827], [0.49287299252790207, -0.5660227640278587, 0.2521759575947613, -0.6108205384972079], [0.5461444573348037, -0.6583837230129111, 0.20233682427913335, -0.47677763636182235], [0.23386571022100822, 0.9322938492734616, -0.09294878411571829, -0.2597990217862742], [-0.026029860980550712, -0.2634704021851787, 0.5183183373366814, -0.8131739633622388], [0.10592493740584794, -0.4654469001341194, 0.8478772499722588, 0.23074501028318262], [0.5779192247291474, -0.17341896707612536, -0.05352779118280386, -0.7956569657319673], [0.5912255380292677, -0.10299061266186302, -0.09922156163418769, -0.7937256318101428], [0.39564299080140364, -0.04737000049396317, -0.14344369758826242, -0.9058954754855162], [0.22007861117404776, 0.6321480398246407, -0.511905640463922, -0.5384300102249027], [0.2545950047073877, -0.056417395036774745, -0.14903972436785132, -0.9538268300250653], [0.05481103179109957, -0.041339266711081596, -0.21275362999454528, -0.9746910837521442], [0.5891886036526989, -0.07547478038216604, -0.11550941704822881, -0.7961268249627222], [0.733751332958614, -0.12577797529455573, -0.10120240765599561, -0.6599598131681118], [0.6376241842782469, -0.08658801412294635, -0.11054052757328173, -0.7574422137678657], [0.4511639086551937, -0.05085654307627091, -0.13625821463139737, -0.8805103284452509], [-0.20029431903745984, 0.9661420291685778, 0.13998763311791482, -0.08279630311425422], [0.8449276582568445, -0.4232187563040942, -0.12244557826440511, -0.30329889051646153], [0.12292265591578985, -0.4106198020952998, 0.879779548983231, 0.20559509717084223], [0.12158677407362775, -0.3030613911633395, 0.8429293349829081, 0.4275986269643325]]]",[0.055601877735780916],[0.005669144265293263],[-0.2384362791924043],1184.0,"[[16866.882981574498, 866.6817546062468, -323.1564354651832], [866.6817546062468, 189372.46710853503, 108.33525073757201], [-323.1564354651832, 108.33525073757201, 201913.89043519006]]",177.6527841789161
m118_125,"[[0.00856742821155063, 0.042690820670791024, 0.21128386314982295]]","[[0.14231474301144173, -0.3387681817737748, 0.6351496992571525, 0.6793875863399529]]","[[0.14081579493749471, 1.2460445585362505, 1.1309078397862504, 1.0880513944737504]]",[1],"[[[0.018208559923659537, 0.0737474624414703, 0.24151177078099306]]]","[[[0.9982668163057213, -0.020452501832412148, 0.050965900663134084, 0.021155037254276723]]]",[0.05662663980148187],[0.0057201245581339965],[-0.9910546734001078],174.0,"[[5043.876812602182, -23.177022923547977, 81.6187933482906], [-23.177022923547977, 460.54223834654255, -1.2942038909501472], [81.6187933482906, -1.2942038909501472, 5302.573441405739]]",160.0934615610935
m1175_125,"[[5.6848233679652914e-05, 0.005419482899947663, 0.13010802073216723]]","[[0.008462426055620281, 0.0820874304584588, -0.308744592972862, 0.9475583451249864]]","[[0.0, 1.172370537335143, 1.290495537335143, 1.245495537335143]]",[4],"[[[0.05958925596785995, 0.0026682840103483124, 0.22648416653495695], [0.000531134990354694, 0.056739851444919484, 0.16089813963074112], [9.996649431983329e-05, 0.025152156884396638, 0.22504531056820604], [-0.00404361169101801, -0.008831780904318744, 0.22652816180836877]]]","[[[0.782908763397498, 0.4412286299268371, 0.2089186813732808, -0.3856477005007758], [0.5635659762505679, -0.5638072180830525, 0.4753636458821203, -0.3722152810187297], [0.5648795228469259, -0.24632226467754803, 0.19734186501167678, -0.7624255077750657], [-0.17035334307956307, -0.7000373062739267, 0.638659690207153, 0.27026155559173537]]]",[0.04460970852621239],[0.002829349970648558],[-1.4794167997438465],912.0,"[[70132.58527357914, -4.748557626447622, 27.321703800229685], [-4.748557626447622, 111350.9577090996, -228.0941728318376], [27.321703800229685, -228.0941728318376, 46537.56933967294]]",170.40631758198182
m1191_125,"[[0.0701627552278272, -0.026599912747624563, 0.2053616157570299]]","[[-0.02539589001687142, -0.02986729384056357, -0.1735642805517857, 0.984041886326712]]","[[0.0, 1.2407920381331357, 1.2407920381331357, 1.2407920381331357]]",[19],"[[[0.11013377729260834, 0.018477970786832276, 0.26237752460661046], [0.11706668279390624, 0.013346285267632475, 0.2636535553614352], [0.1184422489766513, 0.037533750625183486, 0.26713367453430115], [0.11098481197911943, 0.04046504194719805, 0.2634631108426967], [0.11058570085259416, 0.03825169777709896, 0.2664418476613891], [0.12189253975511287, 0.035429289614753105, 0.2673480524197554], [0.11291255732791373, 0.02139861772570399, 0.26771742282019917], [0.10386934346441548, 0.03874544504432481, 0.2659629754232386], [0.12187338988873457, 0.02121959321093665, 0.2682227021270169], [0.12180120802036357, 0.02160277843789794, 0.26331561953904353], [0.06018009976935254, 0.04355470675742305, 0.2567118895672404], [0.05980058660946187, 0.045205340652512124, 0.25886782834704364], [0.06932348316784823, 0.03626300513909776, 0.2634032840561785], [0.06717341721480799, 0.0413285407398953, 0.2629746505018776], [0.04270203402223659, -0.0678231374065562, 0.26169185489841634], [0.04100324612903065, -0.07950970985834073, 0.262813892674235], [0.04089400072040276, -0.06802571337021102, 0.2647616616663021], [0.045067263597571273, -0.0742758982037485, 0.27452695982573494], [0.044552734217212266, -0.06745034748632117, 0.29505753998825407]]]","[[[-0.00699892494263415, -0.11729518798864313, 0.9913139259782264, 0.059072447773827294], [0.9326869691848725, -0.3508107900230335, 0.07474015122806002, 0.03795677687263169], [-0.03388709045088537, -0.10980067937280175, 0.9857351583322745, 0.12297021402636588], [0.5532587469583461, 0.7506855235211829, 0.3291769980752881, -0.14838634582720178], [0.5564691279769367, 0.07087892008826711, 0.13770849572311578, -0.8163054933671496], [0.2239684593804775, -0.847085007738243, 0.139995065487149, -0.46117946670150556], [0.22023702772624515, 0.06380473212548002, 0.13549535297171075, -0.9638804993876453], [-0.40859188104320165, -0.06091393651734968, -0.13607265792883005, 0.9004589934293077], [0.1335397978484558, -0.669603341419755, 0.378558683117142, -0.6248934397052891], [-0.17200066810003847, -0.9841652677743283, -0.020052705102259424, -0.03784686113678235], [0.16963172796128106, -0.052819838317095344, -0.5698082640569975, -0.8023426224259665], [-0.14469389111550227, -0.9870119128867181, -0.021990119803624475, -0.06623893360086056], [-0.3928785501957719, 0.006160045134870352, -0.1612173468686746, 0.9053272699464157], [0.217816514352688, 0.05334847368185604, 0.14195016423942258, -0.9641369494545174], [-0.31124855175970634, 0.3874543661144369, -0.5640800155318366, 0.6594066949037964], [-0.17692001350888317, -0.19909891098614715, 0.3914949442053295, 0.8807897825961724], [-0.40792533031526157, -0.910766496714108, 0.04776413858379429, 0.04266029085277839], [-0.4791077988602262, -0.5315998731119991, 0.4278670335494757, 0.5520752607934786], [0.9459615469945387, -0.15649870820825967, 0.08077604257430554, -0.27228686505757]]]",[0.17351053888187556],[0.06367665381415755],[-0.6551947681869777],1346.0,"[[75733.52985867613, -18.258349998497955, -0.32525927415340755], [-18.258349998497955, 35832.34113814437, 1756.6283817793035], [-0.32525927415340755, 1756.6283817793035, 108459.4809461812]]",169.98590327370627
m1201_125,"[[0.01156481790775326, -0.02116597960713153, 0.2370003899166098]]","[[-0.008233148848447542, -0.01737046246384958, -0.15144172253517074, 0.9882792555595871]]","[[0.0, 1.0686725649024758, 1.0686725649024758, 1.0686725649024758]]",[7],"[[[0.04797994011558425, 0.024665829767510715, 0.2797377936250487], [0.05328709180742697, 0.02030509635155898, 0.2749270727240021], [0.049781966304814025, 0.025373470192720064, 0.28217507157476734], [0.05327112420784199, 0.024551844488662475, 0.2828170231548723], [0.05678721997423563, 0.020575688041321732, 0.2776076119668335], [0.014177514167255994, 0.04279585105662416, 0.30388897742675774], [0.015434880581514855, 0.0442863772527207, 0.3014400448072962]]]","[[[0.844278822858294, -0.11955740395921866, 0.09456402830442366, -0.5137673996882107], [0.8442788228582946, -0.11955740395921878, 0.09456402830442341, -0.5137673996882097], [0.8442788228582919, -0.11955740395921696, 0.09456402830442226, -0.5137673996882148], [-0.09456402830440234, -0.5137673996881537, 0.8442788228583314, 0.11955740395921668], [-0.09456402830442544, -0.5137673996882245, 0.8442788228582856, 0.11955740395921712], [-0.14311485358668063, -0.8793411829657116, 0.4511349776629594, 0.05248289771313225], [-0.4585336092785952, 0.002464205933781133, -0.11727144496983058, 0.8809019610863338]]]",[0.05592152116535434],[0.010224676591392815],[-0.3576749141466564],2.0,"[[148.63684186933935, -0.061228485165042736, 40.1852966692102], [-0.061228485165042736, 791.6223221007904, 0.007807773981036437], [40.1852966692102, 0.007807773981036437, 871.2576529119771]]",190.0886575450003
m1241_125,"[[0.10295034304167971, 0.09330676796971116, 0.2826722880903548]]","[[0.6913516991528732, -0.25215810251172804, -0.4371534277512834, 0.5170551228074463]]","[[0.0, 1.207122567944721, 1.207122567944721, 1.207122567944721]]",[1],"[[[0.0792140340179754, 0.025762501693513008, 0.3153630072134781]]]","[[[-0.28684696691698514, -0.8395889729266265, 0.12398422127344072, -0.4443389325568459]]]",[0.04674862085415804],[0.0029423295752949758],[-0.8488849441676438],1138.0,"[[10969.826809993237, 12.640911310451106, -975.1960032748294], [12.640911310451106, 39401.638162196214, 0.006145628723425142], [-975.1960032748294, 0.006145628723425142, 48339.01245405495]]",170.7468631216547
m1261_125,"[[0.07258344668872392, -0.0019420805008203105, 0.2468521239738211]]","[[-0.2044657573382938, 0.051372979319560495, 0.9170855983174384, 0.3383911589132554]]","[[0.0, 1.0209492958493067, 1.0209492958493067, 1.0209492958493067]]",[9],"[[[-0.013738144126937805, -0.0358932362281097, 0.3090438749048683], [0.0006908050692172782, -0.010200838213296193, 0.3224375787352047], [-0.00974078590484813, -0.01945463017743246, 0.29560359332537844], [-0.013263162189682855, 0.010350974870788269, 0.3235289367982049], [0.01103809082629258, -0.0647085049644757, 0.3127777231996533], [0.009467578175405032, -0.06829993278236059, 0.31015662468514055], [0.008309624181018776, -0.06918595006571059, 0.3099729583863835], [0.02295173299722996, -0.051963577650563794, 0.3106147548035685], [0.03193258779336989, -0.06534071113067058, 0.31135928722440875]]]","[[[0.906071565359706, -0.09781673423317316, 0.11469722268974328, -0.39536154600293194], [0.8975397045285336, -0.025504235931304853, -0.02077627985082997, -0.43970485435113515], [0.829165758996921, -0.002119056376974071, -0.09321007964963798, -0.5511728719365999], [0.10173078768590033, -0.3056641178332471, -0.8661723989552479, -0.3820545369369929], [0.46306044943673036, 0.5642914626297653, -0.4976887346352511, -0.4684614058679498], [0.006345330402789227, 0.009779895584491242, 0.6122695019154891, -0.7905631837168959], [-0.6955991314940081, 0.33201364074053297, -0.5689876454424718, 0.2866388842443224], [0.03506838464621788, -0.0036055955873337533, -0.9946379433888485, -0.0972243264310291], [0.5609155954669386, -0.30799484378465714, 0.7084847167196753, -0.2975941483609447]]]",[0.04386007751209897],[0.014970215561429459],[-0.5542194937436882],1430.0,"[[9158.35579416462, 21.637635722876016, -1153.799913827599], [21.637635722876016, 41687.710204320974, -1.7407945175103348], [-1153.799913827599, -1.7407945175103348, 47876.12841787492]]",211.2704854595084
m1333_125,"[[0.010644533044251513, 0.01924958945012992, 0.13752070862905152]]","[[0.0366370091005808, 0.011314048300433229, 0.0436875610778412, 0.9983091299203315]]","[[0.5643459749103817, 1.2804456179784844, 1.1841956179784843, 1.1666956179784842]]",[3],"[[[0.0544714531407015, 0.021789295667354037, 0.22909440907742362], [-0.035392625929136175, 0.0220346827416799, 0.2360110906292163], [0.008580415534800483, -0.01416070494435713, 0.23438476429867972]]]","[[[0.6879456754661897, 0.2054973988182433, 0.1984058662337342, -0.6671856405306889], [0.6840767625366473, -0.21919538161354885, -0.21310370314147514, -0.662253108217742], [0.03779207118430294, -0.6995959980521692, 0.7131120731186052, -0.024665158371171954]]]",[0.04336023234844304],[0.0006820264172766173],[-1.220385242383029],539.0,"[[5598.285777844114, -0.7675397810069358, -18.94523307907135], [-0.7675397810069358, 6357.771328792067, -63.32303771788645], [-18.94523307907135, -63.32303771788645, 1301.2983656323886]]",146.2838867483047
m1337_125,"[[-0.04258122088076498, 0.025161876069124442, 0.13094275178041634], [-0.005933621776413357, -0.0020801474024022045, 0.0699119348168432], [2.5183514368763426e-05, -0.0003781891181704487, 0.1151066861402473]]","[[0.30241156880005987, -0.013212681416108988, 0.9523707955863742, 0.036912542852803105], [0.007161646070892299, 0.059862483217474685, 0.8176150529261188, 0.5726000516566626], [0.010341587141047784, -0.05104401393723855, -0.6412656374371396, 0.7655494382852869]]","[[1.2095583749501355, 1.0958470355904146, 0.9802220355904147, 0.9977220355904146], [0.7177558276159638, 0.9407055190263982, 0.8394555190263981, 0.8375805190263981], [1.5255898347481782, 0.9281893243601469, 1.051939324360147, 0.9194393243601469]]","[1, 3, 1]","[[[-0.03033558138820624, 0.028458438570627347, 0.12251273500541744]], [[-0.05852046780103098, 0.038674896199814186, 0.17439097220630892], [-0.020210932224571668, -0.07147173763432169, 0.18151587638595246], [0.06186178706318536, 0.03007020081913187, 0.16569758869000656]], [[0.009823320746520106, 0.00901395953768351, 0.11553859704896599]]]","[[[-0.6932750766885967, -0.6535392578094384, 0.22478610201418892, 0.20427264840300025]], [[0.6349556746409498, 0.3111729873573006, -0.4177911922410024, -0.5704850417550238], [0.16765966703187674, 0.6869509391844852, -0.6821664039107812, -0.18611190338005523], [0.6689252430605015, -0.44635444962185816, 0.35873362490080074, -0.4739376655898417]], [[0.08788191837136422, -0.9947684799187946, 0.028780961998315285, -0.043406174789669634]]]","[0.12013746746763426, 0.11608558365338686, 0.0709228133979029]","[0.015097821169801273, 0.02322153580446638, 0.011185376968224291]","[-0.9820134149466967, -0.9215238123238046, -0.8375009175381111]",506.0,"[[3244.925996314975, 1.7310750509180106, 0.005517198550087129], [1.7310750509180106, 1989.9198246156984, -1.0902878000262572], [0.005517198550087129, -1.0902878000262572, 3244.931921297822]]",78.374284732241
m1338_125,"[[-0.05875020714876239, -0.08440102811115267, 0.19103952284757564], [-0.08801621007411564, -0.06239504194179157, 0.1928483942655183]]","[[0.31662014809304834, 0.7144657416153518, 0.6236797328197604, 0.01771938908184524], [0.38958491410240087, 0.6620667459124978, 0.5877555431170748, 0.253839792380575]]","[[1.4526326912122955, 1.0756253578865407, 1.0256253578865406, 0.9931253578865407], [1.1525999665699507, 0.9684770600595254, 1.0578520600595254, 0.9072270600595254]]","[4, 4]","[[[-0.057454413095907333, 0.032658145057104807, 0.20438062528622353], [0.042460628668987796, -0.02457999359350675, 0.15472219950161545], [-0.03870331191673238, 0.006802178338637953, 0.12883843864534902], [-0.03548540315804901, 0.0048907447577522835, 0.1273495940581098]], [[-0.03671004081479592, 0.050302576780174434, 0.2111029395997064], [0.029148116008152876, -0.04842620453391515, 0.1932411371267097], [-0.022888794153515843, 0.00455951022535916, 0.12080052753797471], [-0.021177215192510816, 0.0018409057980692599, 0.12049824973026561]]]","[[[0.47689598296934, -0.15926914380271867, -0.857546057275416, -0.10871210103500323], [-0.7690568262084184, 0.14858123144640537, -0.5579876512550701, -0.27408939558281814], [0.9408593244434982, -0.22368886740537416, -0.22477897038378866, 0.11925366526790224], [0.9412949114882632, -0.22452054412145056, -0.22394825338747887, 0.11576525678461605]], [[0.35777854752325206, -0.356165825669448, -0.76650916731199, -0.396993843760873], [-0.48436000578577754, 0.1769843296780394, -0.776693013664288, -0.3616903293823363], [0.8703673842762496, -0.4370836121119063, -0.1569333340336944, 0.16367791873187063], [0.8561374341739378, -0.4271853630746233, -0.18364016735668354, 0.22542770085789832]]]","[0.05692385924213148, 0.04173517308360969]","[0.008897839536668745, 0.016073281967836535]","[-0.8864691267902841, -0.8324266706425875]",626.0,"[[166648.24716307884, 63.57060726176686, 0.31361346048442557], [63.57060726176686, 108295.2210842701, -37.16277799745163], [0.31361346048442557, -37.16277799745163, 166664.58907962232]]",81.87950904172916
